po_id,month,part_id,supplier_id,business_unit,site,ordered_units,received_units,unit_cost,promised_lead_time_days,actual_lead_time_days,late_days,po_value,receipt_status
PO00001,2025-10,PRT001,SUP004,Space electronics,Concord development,25,22,10578,102,109,7,264450,Late
PO00002,2025-10,PRT001,SUP004,Space electronics,Concord development,34,31,10578,88,90,2,359652,On time
PO00003,2025-10,PRT002,SUP011,Space electronics,Chantilly production,10,10,1928,52,60,8,19280,Late
PO00004,2025-10,PRT003,SUP021,Optical sensors,Concord development,28,26,18479,199,218,19,517412,Late
PO00005,2025-10,PRT004,SUP007,Space electronics,Chantilly production,69,68,7596,141,158,17,524124,Late
PO00006,2025-10,PRT005,SUP008,Optical sensors,Concord development,24,24,9250,78,94,16,222000,Late
PO00007,2025-10,PRT005,SUP008,Optical sensors,Concord development,28,28,9250,68,68,0,259000,On time
PO00008,2025-10,PRT006,SUP002,Space electronics,Concord development,31,29,24553,157,149,0,761143,On time
PO00009,2025-10,PRT006,SUP002,Space electronics,Concord development,36,36,24553,165,174,9,883908,Late
PO00010,2025-10,PRT007,SUP010,Space electronics,Chantilly production,6,6,4071,33,30,0,24426,On time
PO00011,2025-10,PRT008,SUP005,C4ISR systems,Chantilly production,11,11,6316,97,106,9,69476,Late
PO00012,2025-10,PRT008,SUP005,C4ISR systems,Chantilly production,16,15,6316,96,88,0,101056,On time
PO00013,2025-10,PRT009,SUP002,C4ISR systems,Fairfax HQ,57,56,2572,75,85,10,146604,Late
PO00014,2025-10,PRT009,SUP002,C4ISR systems,Fairfax HQ,51,50,2572,68,68,0,131172,On time
PO00015,2025-10,PRT009,SUP002,C4ISR systems,Fairfax HQ,60,58,2572,55,53,0,154320,On time
PO00016,2025-10,PRT010,SUP029,Space electronics,Fairfax HQ,49,49,7406,102,94,0,362894,On time
PO00017,2025-10,PRT010,SUP029,Space electronics,Fairfax HQ,45,45,7406,105,117,12,333270,Late
PO00018,2025-10,PRT011,SUP005,Space electronics,Chantilly production,26,25,26848,204,231,27,698048,Late
PO00019,2025-10,PRT011,SUP005,Space electronics,Chantilly production,34,33,26848,201,217,16,912832,Late
PO00020,2025-10,PRT012,SUP019,Optical sensors,Concord development,57,57,4613,81,92,11,262941,Late
PO00021,2025-10,PRT012,SUP019,Optical sensors,Concord development,48,48,4613,78,73,0,221424,On time
PO00022,2025-10,PRT013,SUP024,C4ISR systems,Concord development,4,4,12565,124,127,3,50260,On time
PO00023,2025-10,PRT014,SUP021,C4ISR systems,Chantilly production,68,67,2172,78,87,9,147696,Late
PO00024,2025-10,PRT014,SUP021,C4ISR systems,Chantilly production,81,79,2172,71,98,27,175932,Late
PO00025,2025-10,PRT015,SUP024,C4ISR systems,Chantilly production,3,2,6594,92,96,4,19782,Late
PO00026,2025-10,PRT016,SUP016,Space electronics,Fairfax HQ,35,33,11990,106,116,10,419650,Late
PO00027,2025-10,PRT017,SUP015,Optical sensors,Fairfax HQ,45,45,6678,87,95,8,300510,Late
PO00028,2025-10,PRT018,SUP001,C4ISR systems,Concord development,72,72,2034,67,59,0,146448,On time
PO00029,2025-10,PRT019,SUP029,Space electronics,Concord development,1,1,6481,141,148,7,6481,Late
PO00030,2025-10,PRT020,SUP017,Space electronics,Concord development,72,72,2563,57,57,0,184536,On time
PO00031,2025-10,PRT020,SUP017,Space electronics,Concord development,74,74,2563,50,50,0,189662,On time
PO00032,2025-10,PRT021,SUP010,Space electronics,Chantilly production,45,45,5196,48,51,3,233820,On time
PO00033,2025-10,PRT021,SUP010,Space electronics,Chantilly production,38,38,5196,51,66,15,197448,Late
PO00034,2025-10,PRT022,SUP021,Space electronics,Concord development,25,23,12796,166,160,0,319900,On time
PO00035,2025-10,PRT022,SUP021,Space electronics,Concord development,37,37,12796,182,193,11,473452,Late
PO00036,2025-10,PRT022,SUP021,Space electronics,Concord development,28,28,12796,179,188,9,358288,Late
PO00037,2025-10,PRT023,SUP030,Space electronics,Chantilly production,8,8,6162,109,101,0,49296,On time
PO00038,2025-10,PRT024,SUP020,Optical sensors,Concord development,59,59,5376,52,66,14,317184,Late
PO00039,2025-10,PRT025,SUP004,Optical sensors,Concord development,14,14,6363,99,105,6,89082,Late
PO00040,2025-10,PRT025,SUP004,Optical sensors,Concord development,4,1,6363,98,100,2,25452,On time
PO00041,2025-10,PRT026,SUP027,C4ISR systems,Chantilly production,61,61,2518,39,48,9,153598,Late
PO00042,2025-10,PRT026,SUP027,C4ISR systems,Chantilly production,56,53,2518,48,52,4,141008,Late
PO00043,2025-10,PRT027,SUP005,Optical sensors,Concord development,18,18,7560,213,205,0,136080,On time
PO00044,2025-10,PRT028,SUP017,C4ISR systems,Concord development,67,65,13119,133,133,0,878973,On time
PO00045,2025-10,PRT029,SUP012,Optical sensors,Fairfax HQ,6,3,11039,99,114,15,66234,Late
PO00046,2025-10,PRT029,SUP012,Optical sensors,Fairfax HQ,26,23,11039,103,101,0,287014,On time
PO00047,2025-10,PRT030,SUP028,Space electronics,Concord development,68,66,21193,146,152,6,1441124,Late
PO00048,2025-10,PRT030,SUP028,Space electronics,Concord development,57,57,21193,151,154,3,1208001,On time
PO00049,2025-10,PRT030,SUP028,Space electronics,Concord development,63,63,21193,158,156,0,1335159,On time
PO00050,2025-10,PRT031,SUP027,C4ISR systems,Chantilly production,56,56,1118,41,39,0,62608,On time
PO00051,2025-10,PRT031,SUP027,C4ISR systems,Chantilly production,34,31,1118,33,40,7,38012,Late
PO00052,2025-10,PRT032,SUP003,C4ISR systems,Concord development,36,35,11289,116,121,5,406404,Late
PO00053,2025-10,PRT033,SUP003,Space electronics,Chantilly production,23,21,19713,191,218,27,453399,Late
PO00054,2025-10,PRT033,SUP003,Space electronics,Chantilly production,38,35,19713,187,194,7,749094,Late
PO00055,2025-10,PRT034,SUP005,Optical sensors,Concord development,36,34,9048,104,100,0,325728,On time
PO00056,2025-10,PRT035,SUP026,C4ISR systems,Concord development,20,18,18810,121,117,0,376200,On time
PO00057,2025-10,PRT035,SUP026,C4ISR systems,Concord development,1,0,18810,122,123,1,18810,On time
PO00058,2025-10,PRT036,SUP008,Space electronics,Concord development,43,43,11855,143,135,0,509765,On time
PO00059,2025-10,PRT037,SUP004,Optical sensors,Concord development,18,16,15618,84,76,0,281124,On time
PO00060,2025-10,PRT037,SUP004,Optical sensors,Concord development,22,20,15618,91,104,13,343596,Late
PO00061,2025-10,PRT038,SUP007,Optical sensors,Concord development,35,35,13191,82,90,8,461685,Late
PO00062,2025-10,PRT038,SUP007,Optical sensors,Concord development,37,37,13191,80,92,12,488067,Late
PO00063,2025-10,PRT039,SUP022,Space electronics,Concord development,23,23,10897,145,161,16,250631,Late
PO00064,2025-10,PRT040,SUP012,C4ISR systems,Fairfax HQ,42,40,9205,67,68,1,386610,On time
PO00065,2025-10,PRT040,SUP012,C4ISR systems,Fairfax HQ,21,19,9205,76,73,0,193305,On time
PO00066,2025-10,PRT041,SUP001,C4ISR systems,Chantilly production,38,35,3300,29,29,0,125400,On time
PO00067,2025-10,PRT042,SUP025,Optical sensors,Fairfax HQ,17,14,16538,128,127,0,281146,On time
PO00068,2025-10,PRT043,SUP001,Space electronics,Concord development,17,17,27940,140,151,11,474980,Late
PO00069,2025-10,PRT044,SUP018,C4ISR systems,Concord development,32,31,27908,125,128,3,893056,On time
PO00070,2025-10,PRT045,SUP004,Optical sensors,Chantilly production,18,16,21016,167,185,18,378288,Late
PO00071,2025-10,PRT045,SUP004,Optical sensors,Chantilly production,24,21,21016,173,181,8,504384,Late
PO00072,2025-10,PRT046,SUP022,Optical sensors,Concord development,48,47,3440,99,130,31,165120,Late
PO00073,2025-10,PRT047,SUP029,Optical sensors,Chantilly production,3,3,10032,112,104,0,30096,On time
PO00074,2025-10,PRT047,SUP029,Optical sensors,Chantilly production,6,6,10032,115,107,0,60192,On time
PO00075,2025-10,PRT048,SUP026,Space electronics,Chantilly production,4,3,7831,33,26,0,31324,On time
PO00076,2025-10,PRT048,SUP026,Space electronics,Chantilly production,10,10,7831,40,47,7,78310,Late
PO00077,2025-10,PRT049,SUP017,C4ISR systems,Chantilly production,11,11,5204,93,85,0,57244,On time
PO00078,2025-10,PRT049,SUP017,C4ISR systems,Chantilly production,21,19,5204,102,99,0,109284,On time
PO00079,2025-10,PRT050,SUP030,C4ISR systems,Fairfax HQ,46,46,17592,144,138,0,809232,On time
PO00080,2025-10,PRT051,SUP010,C4ISR systems,Chantilly production,55,55,10683,64,56,0,587565,On time
PO00081,2025-10,PRT052,SUP011,Optical sensors,Concord development,57,57,23081,155,163,8,1315617,Late
PO00082,2025-10,PRT053,SUP003,C4ISR systems,Concord development,39,39,7900,109,107,0,308100,On time
PO00083,2025-10,PRT054,SUP023,Space electronics,Concord development,31,30,19050,143,156,13,590550,Late
PO00084,2025-10,PRT054,SUP023,Space electronics,Concord development,25,23,19050,133,131,0,476250,On time
PO00085,2025-10,PRT055,SUP030,C4ISR systems,Concord development,45,45,16722,165,175,10,752490,Late
PO00086,2025-10,PRT055,SUP030,C4ISR systems,Concord development,29,29,16722,171,175,4,484938,Late
PO00087,2025-10,PRT056,SUP019,Space electronics,Chantilly production,47,46,1044,34,45,11,49068,Late
PO00088,2025-10,PRT056,SUP019,Space electronics,Chantilly production,39,39,1044,23,15,0,40716,On time
PO00089,2025-10,PRT057,SUP015,Space electronics,Chantilly production,66,63,10695,159,169,10,705870,Late
PO00090,2025-10,PRT057,SUP015,Space electronics,Chantilly production,62,62,10695,148,165,17,663090,Late
PO00091,2025-10,PRT057,SUP015,Space electronics,Chantilly production,50,47,10695,156,169,13,534750,Late
PO00092,2025-10,PRT058,SUP025,C4ISR systems,Fairfax HQ,60,60,3859,32,41,9,231540,Late
PO00093,2025-10,PRT059,SUP018,Space electronics,Concord development,15,15,8926,109,101,0,133890,On time
PO00094,2025-10,PRT060,SUP023,Optical sensors,Concord development,55,52,10047,89,101,12,552585,Late
PO00095,2025-10,PRT061,SUP025,C4ISR systems,Concord development,7,4,18126,148,168,20,126882,Late
PO00096,2025-10,PRT062,SUP001,Space electronics,Chantilly production,47,47,6107,61,73,12,287029,Late
PO00097,2025-10,PRT062,SUP001,Space electronics,Chantilly production,39,36,6107,49,69,20,238173,Late
PO00098,2025-10,PRT063,SUP006,Space electronics,Concord development,25,25,23628,193,216,23,590700,Late
PO00099,2025-10,PRT064,SUP020,C4ISR systems,Chantilly production,36,33,17032,200,222,22,613152,Late
PO00100,2025-10,PRT065,SUP012,Optical sensors,Concord development,50,47,17214,124,116,0,860700,On time
PO00101,2025-10,PRT065,SUP012,Optical sensors,Concord development,26,26,17214,128,140,12,447564,Late
PO00102,2025-10,PRT065,SUP012,Optical sensors,Concord development,28,25,17214,140,132,0,481992,On time
PO00103,2025-10,PRT066,SUP008,C4ISR systems,Fairfax HQ,5,4,2458,40,46,6,12290,Late
PO00104,2025-10,PRT066,SUP008,C4ISR systems,Fairfax HQ,1,0,2458,51,54,3,2458,On time
PO00105,2025-10,PRT067,SUP003,C4ISR systems,Fairfax HQ,63,62,4668,100,94,0,294084,On time
PO00106,2025-10,PRT067,SUP003,C4ISR systems,Fairfax HQ,45,43,4668,106,98,0,210060,On time
PO00107,2025-10,PRT068,SUP017,Space electronics,Fairfax HQ,25,22,7145,96,106,10,178625,Late
PO00108,2025-10,PRT069,SUP004,Space electronics,Chantilly production,17,17,3425,39,39,0,58225,On time
PO00109,2025-10,PRT069,SUP004,Space electronics,Chantilly production,26,26,3425,49,41,0,89050,On time
PO00110,2025-10,PRT070,SUP015,C4ISR systems,Chantilly production,31,30,8172,98,118,20,253332,Late
PO00111,2025-10,PRT071,SUP012,Space electronics,Fairfax HQ,68,68,7378,69,75,6,501704,Late
PO00112,2025-10,PRT072,SUP024,Space electronics,Fairfax HQ,9,9,24697,171,163,0,222273,On time
PO00113,2025-11,PRT001,SUP004,Space electronics,Concord development,20,20,10578,106,106,0,211560,On time
PO00114,2025-11,PRT002,SUP011,Space electronics,Chantilly production,18,18,1928,32,35,3,34704,On time
PO00115,2025-11,PRT002,SUP011,Space electronics,Chantilly production,14,14,1928,42,37,0,26992,On time
PO00116,2025-11,PRT002,SUP011,Space electronics,Chantilly production,35,35,1928,34,43,9,67480,Late
PO00117,2025-11,PRT003,SUP021,Optical sensors,Concord development,42,39,18479,192,201,9,776118,Late
PO00118,2025-11,PRT004,SUP007,Space electronics,Chantilly production,88,87,7596,145,151,6,668448,Late
PO00119,2025-11,PRT004,SUP007,Space electronics,Chantilly production,60,60,7596,151,144,0,455760,On time
PO00120,2025-11,PRT005,SUP008,Optical sensors,Concord development,23,21,9250,60,65,5,212750,Late
PO00121,2025-11,PRT006,SUP002,Space electronics,Concord development,38,36,24553,160,164,4,933014,Late
PO00122,2025-11,PRT006,SUP002,Space electronics,Concord development,43,43,24553,158,179,21,1055779,Late
PO00123,2025-11,PRT007,SUP010,Space electronics,Chantilly production,13,12,4071,43,35,0,52923,On time
PO00124,2025-11,PRT007,SUP010,Space electronics,Chantilly production,14,11,4071,31,41,10,56994,Late
PO00125,2025-11,PRT008,SUP005,C4ISR systems,Chantilly production,8,8,6316,95,121,26,50528,Late
PO00126,2025-11,PRT008,SUP005,C4ISR systems,Chantilly production,2,0,6316,96,96,0,12632,On time
PO00127,2025-11,PRT009,SUP002,C4ISR systems,Fairfax HQ,57,57,2572,57,62,5,146604,Late
PO00128,2025-11,PRT009,SUP002,C4ISR systems,Fairfax HQ,51,51,2572,56,48,0,131172,On time
PO00129,2025-11,PRT009,SUP002,C4ISR systems,Fairfax HQ,54,53,2572,64,70,6,138888,Late
PO00130,2025-11,PRT010,SUP029,Space electronics,Fairfax HQ,55,54,7406,108,111,3,407330,On time
PO00131,2025-11,PRT010,SUP029,Space electronics,Fairfax HQ,52,52,7406,108,111,3,385112,On time
PO00132,2025-11,PRT011,SUP005,Space electronics,Chantilly production,34,33,26848,190,184,0,912832,On time
PO00133,2025-11,PRT011,SUP005,Space electronics,Chantilly production,43,42,26848,197,218,21,1154464,Late
PO00134,2025-11,PRT011,SUP005,Space electronics,Chantilly production,30,30,26848,190,204,14,805440,Late
PO00135,2025-11,PRT012,SUP019,Optical sensors,Concord development,63,63,4613,90,89,0,290619,On time
PO00136,2025-11,PRT013,SUP024,C4ISR systems,Concord development,10,8,12565,139,157,18,125650,Late
PO00137,2025-11,PRT013,SUP024,C4ISR systems,Concord development,16,16,12565,127,119,0,201040,On time
PO00138,2025-11,PRT013,SUP024,C4ISR systems,Concord development,1,1,12565,124,118,0,12565,On time
PO00139,2025-11,PRT014,SUP021,C4ISR systems,Chantilly production,66,65,2172,65,65,0,143352,On time
PO00140,2025-11,PRT014,SUP021,C4ISR systems,Chantilly production,86,86,2172,76,68,0,186792,On time
PO00141,2025-11,PRT014,SUP021,C4ISR systems,Chantilly production,59,59,2172,70,93,23,128148,Late
PO00142,2025-11,PRT015,SUP024,C4ISR systems,Chantilly production,6,4,6594,75,67,0,39564,On time
PO00143,2025-11,PRT016,SUP016,Space electronics,Fairfax HQ,37,36,11990,99,99,0,443630,On time
PO00144,2025-11,PRT017,SUP015,Optical sensors,Fairfax HQ,39,36,6678,82,79,0,260442,On time
PO00145,2025-11,PRT018,SUP001,C4ISR systems,Concord development,52,51,2034,64,70,6,105768,Late
PO00146,2025-11,PRT018,SUP001,C4ISR systems,Concord development,49,49,2034,70,72,2,99666,On time
PO00147,2025-11,PRT018,SUP001,C4ISR systems,Concord development,55,55,2034,67,69,2,111870,On time
PO00148,2025-11,PRT019,SUP029,Space electronics,Concord development,13,11,6481,141,145,4,84253,Late
PO00149,2025-11,PRT019,SUP029,Space electronics,Concord development,23,23,6481,131,129,0,149063,On time
PO00150,2025-11,PRT019,SUP029,Space electronics,Concord development,30,29,6481,130,122,0,194430,On time
PO00151,2025-11,PRT020,SUP017,Space electronics,Concord development,83,83,2563,46,52,6,212729,Late
PO00152,2025-11,PRT020,SUP017,Space electronics,Concord development,64,61,2563,58,66,8,164032,Late
PO00153,2025-11,PRT021,SUP010,Space electronics,Chantilly production,44,44,5196,52,57,5,228624,Late
PO00154,2025-11,PRT021,SUP010,Space electronics,Chantilly production,37,35,5196,49,45,0,192252,On time
PO00155,2025-11,PRT022,SUP021,Space electronics,Concord development,46,44,12796,183,187,4,588616,Late
PO00156,2025-11,PRT022,SUP021,Space electronics,Concord development,34,33,12796,175,199,24,435064,Late
PO00157,2025-11,PRT023,SUP030,Space electronics,Chantilly production,1,1,6162,103,112,9,6162,Late
PO00158,2025-11,PRT023,SUP030,Space electronics,Chantilly production,1,1,6162,106,107,1,6162,On time
PO00159,2025-11,PRT024,SUP020,Optical sensors,Concord development,41,41,5376,50,90,40,220416,Late
PO00160,2025-11,PRT024,SUP020,Optical sensors,Concord development,46,46,5376,42,64,22,247296,Late
PO00161,2025-11,PRT025,SUP004,Optical sensors,Concord development,4,2,6363,85,77,0,25452,On time
PO00162,2025-11,PRT025,SUP004,Optical sensors,Concord development,5,2,6363,85,87,2,31815,On time
PO00163,2025-11,PRT026,SUP027,C4ISR systems,Chantilly production,63,63,2518,36,28,0,158634,On time
PO00164,2025-11,PRT026,SUP027,C4ISR systems,Chantilly production,62,60,2518,46,46,0,156116,On time
PO00165,2025-11,PRT027,SUP005,Optical sensors,Concord development,1,1,7560,204,196,0,7560,On time
PO00166,2025-11,PRT027,SUP005,Optical sensors,Concord development,7,7,7560,214,225,11,52920,Late
PO00167,2025-11,PRT027,SUP005,Optical sensors,Concord development,4,4,7560,204,212,8,30240,Late
PO00168,2025-11,PRT028,SUP017,C4ISR systems,Concord development,39,39,13119,133,135,2,511641,On time
PO00169,2025-11,PRT029,SUP012,Optical sensors,Fairfax HQ,15,14,11039,112,119,7,165585,Late
PO00170,2025-11,PRT030,SUP028,Space electronics,Concord development,60,60,21193,160,152,0,1271580,On time
PO00171,2025-11,PRT031,SUP027,C4ISR systems,Chantilly production,60,58,1118,47,39,0,67080,On time
PO00172,2025-11,PRT031,SUP027,C4ISR systems,Chantilly production,21,20,1118,35,33,0,23478,On time
PO00173,2025-11,PRT031,SUP027,C4ISR systems,Chantilly production,56,54,1118,28,30,2,62608,On time
PO00174,2025-11,PRT032,SUP003,C4ISR systems,Concord development,26,24,11289,120,120,0,293514,On time
PO00175,2025-11,PRT033,SUP003,Space electronics,Chantilly production,37,37,19713,202,202,0,729381,On time
PO00176,2025-11,PRT033,SUP003,Space electronics,Chantilly production,21,21,19713,195,198,3,413973,On time
PO00177,2025-11,PRT034,SUP005,Optical sensors,Concord development,42,41,9048,91,105,14,380016,Late
PO00178,2025-11,PRT035,SUP026,C4ISR systems,Concord development,33,33,18810,124,137,13,620730,Late
PO00179,2025-11,PRT035,SUP026,C4ISR systems,Concord development,11,10,18810,112,136,24,206910,Late
PO00180,2025-11,PRT035,SUP026,C4ISR systems,Concord development,18,18,18810,111,118,7,338580,Late
PO00181,2025-11,PRT036,SUP008,Space electronics,Concord development,37,37,11855,155,158,3,438635,On time
PO00182,2025-11,PRT037,SUP004,Optical sensors,Concord development,15,12,15618,101,94,0,234270,On time
PO00183,2025-11,PRT037,SUP004,Optical sensors,Concord development,23,23,15618,91,85,0,359214,On time
PO00184,2025-11,PRT038,SUP007,Optical sensors,Concord development,48,47,13191,84,76,0,633168,On time
PO00185,2025-11,PRT038,SUP007,Optical sensors,Concord development,34,34,13191,84,82,0,448494,On time
PO00186,2025-11,PRT038,SUP007,Optical sensors,Concord development,45,45,13191,80,80,0,593595,On time
PO00187,2025-11,PRT039,SUP022,Space electronics,Concord development,28,27,10897,139,158,19,305116,Late
PO00188,2025-11,PRT040,SUP012,C4ISR systems,Fairfax HQ,29,26,9205,60,52,0,266945,On time
PO00189,2025-11,PRT041,SUP001,C4ISR systems,Chantilly production,31,28,3300,36,38,2,102300,On time
PO00190,2025-11,PRT041,SUP001,C4ISR systems,Chantilly production,37,37,3300,22,17,0,122100,On time
PO00191,2025-11,PRT041,SUP001,C4ISR systems,Chantilly production,26,26,3300,36,33,0,85800,On time
PO00192,2025-11,PRT042,SUP025,Optical sensors,Fairfax HQ,31,31,16538,121,113,0,512678,On time
PO00193,2025-11,PRT043,SUP001,Space electronics,Concord development,47,44,27940,124,135,11,1313180,Late
PO00194,2025-11,PRT043,SUP001,Space electronics,Concord development,29,26,27940,132,132,0,810260,On time
PO00195,2025-11,PRT043,SUP001,Space electronics,Concord development,10,7,27940,133,138,5,279400,Late
PO00196,2025-11,PRT044,SUP018,C4ISR systems,Concord development,19,16,27908,120,119,0,530252,On time
PO00197,2025-11,PRT045,SUP004,Optical sensors,Chantilly production,18,16,21016,182,174,0,378288,On time
PO00198,2025-11,PRT046,SUP022,Optical sensors,Concord development,46,43,3440,81,78,0,158240,On time
PO00199,2025-11,PRT047,SUP029,Optical sensors,Chantilly production,6,4,10032,107,108,1,60192,On time
PO00200,2025-11,PRT047,SUP029,Optical sensors,Chantilly production,13,10,10032,112,104,0,130416,On time
PO00201,2025-11,PRT048,SUP026,Space electronics,Chantilly production,18,18,7831,22,28,6,140958,Late
PO00202,2025-11,PRT049,SUP017,C4ISR systems,Chantilly production,32,30,5204,109,119,10,166528,Late
PO00203,2025-11,PRT049,SUP017,C4ISR systems,Chantilly production,21,21,5204,107,107,0,109284,On time
PO00204,2025-11,PRT050,SUP030,C4ISR systems,Fairfax HQ,61,61,17592,145,144,0,1073112,On time
PO00205,2025-11,PRT050,SUP030,C4ISR systems,Fairfax HQ,56,56,17592,129,128,0,985152,On time
PO00206,2025-11,PRT051,SUP010,C4ISR systems,Chantilly production,48,48,10683,57,68,11,512784,Late
PO00207,2025-11,PRT052,SUP011,Optical sensors,Concord development,38,36,23081,150,150,0,877078,On time
PO00208,2025-11,PRT052,SUP011,Optical sensors,Concord development,62,62,23081,158,182,24,1431022,Late
PO00209,2025-11,PRT052,SUP011,Optical sensors,Concord development,57,56,23081,144,153,9,1315617,Late
PO00210,2025-11,PRT053,SUP003,C4ISR systems,Concord development,24,23,7900,116,108,0,189600,On time
PO00211,2025-11,PRT054,SUP023,Space electronics,Concord development,30,28,19050,128,139,11,571500,Late
PO00212,2025-11,PRT055,SUP030,C4ISR systems,Concord development,28,27,16722,163,171,8,468216,Late
PO00213,2025-11,PRT056,SUP019,Space electronics,Chantilly production,48,48,1044,23,35,12,50112,Late
PO00214,2025-11,PRT057,SUP015,Space electronics,Chantilly production,73,73,10695,150,152,2,780735,On time
PO00215,2025-11,PRT057,SUP015,Space electronics,Chantilly production,57,55,10695,142,149,7,609615,Late
PO00216,2025-11,PRT057,SUP015,Space electronics,Chantilly production,81,81,10695,148,161,13,866295,Late
PO00217,2025-11,PRT058,SUP025,C4ISR systems,Fairfax HQ,74,74,3859,44,57,13,285566,Late
PO00218,2025-11,PRT059,SUP018,Space electronics,Concord development,20,19,8926,100,99,0,178520,On time
PO00219,2025-11,PRT059,SUP018,Space electronics,Concord development,11,9,8926,94,94,0,98186,On time
PO00220,2025-11,PRT060,SUP023,Optical sensors,Concord development,37,35,10047,72,70,0,371739,On time
PO00221,2025-11,PRT060,SUP023,Optical sensors,Concord development,27,27,10047,86,92,6,271269,Late
PO00222,2025-11,PRT060,SUP023,Optical sensors,Concord development,45,44,10047,78,70,0,452115,On time
PO00223,2025-11,PRT061,SUP025,C4ISR systems,Concord development,1,0,18126,153,145,0,18126,On time
PO00224,2025-11,PRT062,SUP001,Space electronics,Chantilly production,54,53,6107,53,45,0,329778,On time
PO00225,2025-11,PRT063,SUP006,Space electronics,Concord development,27,26,23628,183,185,2,637956,On time
PO00226,2025-11,PRT064,SUP020,C4ISR systems,Chantilly production,32,30,17032,195,204,9,545024,Late
PO00227,2025-11,PRT064,SUP020,C4ISR systems,Chantilly production,28,28,17032,205,208,3,476896,On time
PO00228,2025-11,PRT065,SUP012,Optical sensors,Concord development,58,56,17214,135,139,4,998412,Late
PO00229,2025-11,PRT065,SUP012,Optical sensors,Concord development,34,32,17214,143,145,2,585276,On time
PO00230,2025-11,PRT066,SUP008,C4ISR systems,Fairfax HQ,6,5,2458,37,44,7,14748,Late
PO00231,2025-11,PRT067,SUP003,C4ISR systems,Fairfax HQ,57,57,4668,92,84,0,266076,On time
PO00232,2025-11,PRT068,SUP017,Space electronics,Fairfax HQ,17,17,7145,82,74,0,121465,On time
PO00233,2025-11,PRT069,SUP004,Space electronics,Chantilly production,38,37,3425,47,48,1,130150,On time
PO00234,2025-11,PRT069,SUP004,Space electronics,Chantilly production,24,24,3425,48,40,0,82200,On time
PO00235,2025-11,PRT070,SUP015,C4ISR systems,Chantilly production,33,32,8172,95,91,0,269676,On time
PO00236,2025-11,PRT071,SUP012,Space electronics,Fairfax HQ,86,86,7378,87,79,0,634508,On time
PO00237,2025-11,PRT071,SUP012,Space electronics,Fairfax HQ,68,68,7378,88,85,0,501704,On time
PO00238,2025-11,PRT072,SUP024,Space electronics,Fairfax HQ,10,10,24697,176,168,0,246970,On time
PO00239,2025-12,PRT001,SUP004,Space electronics,Concord development,7,7,10578,89,85,0,74046,On time
PO00240,2025-12,PRT001,SUP004,Space electronics,Concord development,11,9,10578,105,107,2,116358,On time
PO00241,2025-12,PRT001,SUP004,Space electronics,Concord development,13,11,10578,98,102,4,137514,Late
PO00242,2025-12,PRT002,SUP011,Space electronics,Chantilly production,26,25,1928,52,51,0,50128,On time
PO00243,2025-12,PRT002,SUP011,Space electronics,Chantilly production,2,0,1928,49,55,6,3856,Late
PO00244,2025-12,PRT002,SUP011,Space electronics,Chantilly production,16,15,1928,41,53,12,30848,Late
PO00245,2025-12,PRT003,SUP021,Optical sensors,Concord development,35,35,18479,181,213,32,646765,Late
PO00246,2025-12,PRT003,SUP021,Optical sensors,Concord development,36,33,18479,201,218,17,665244,Late
PO00247,2025-12,PRT003,SUP021,Optical sensors,Concord development,30,28,18479,185,184,0,554370,On time
PO00248,2025-12,PRT004,SUP007,Space electronics,Chantilly production,57,57,7596,149,148,0,432972,On time
PO00249,2025-12,PRT005,SUP008,Optical sensors,Concord development,24,24,9250,66,69,3,222000,On time
PO00250,2025-12,PRT006,SUP002,Space electronics,Concord development,37,36,24553,152,148,0,908461,On time
PO00251,2025-12,PRT006,SUP002,Space electronics,Concord development,35,35,24553,163,155,0,859355,On time
PO00252,2025-12,PRT006,SUP002,Space electronics,Concord development,39,39,24553,154,160,6,957567,Late
PO00253,2025-12,PRT007,SUP010,Space electronics,Chantilly production,15,13,4071,36,33,0,61065,On time
PO00254,2025-12,PRT007,SUP010,Space electronics,Chantilly production,18,18,4071,31,31,0,73278,On time
PO00255,2025-12,PRT007,SUP010,Space electronics,Chantilly production,10,10,4071,39,34,0,40710,On time
PO00256,2025-12,PRT008,SUP005,C4ISR systems,Chantilly production,15,15,6316,91,83,0,94740,On time
PO00257,2025-12,PRT009,SUP002,C4ISR systems,Fairfax HQ,62,59,2572,65,57,0,159464,On time
PO00258,2025-12,PRT009,SUP002,C4ISR systems,Fairfax HQ,59,59,2572,70,85,15,151748,Late
PO00259,2025-12,PRT009,SUP002,C4ISR systems,Fairfax HQ,57,56,2572,60,52,0,146604,On time
PO00260,2025-12,PRT010,SUP029,Space electronics,Fairfax HQ,47,47,7406,107,102,0,348082,On time
PO00261,2025-12,PRT010,SUP029,Space electronics,Fairfax HQ,61,61,7406,103,121,18,451766,Late
PO00262,2025-12,PRT010,SUP029,Space electronics,Fairfax HQ,77,75,7406,113,109,0,570262,On time
PO00263,2025-12,PRT011,SUP005,Space electronics,Chantilly production,38,38,26848,208,200,0,1020224,On time
PO00264,2025-12,PRT011,SUP005,Space electronics,Chantilly production,36,35,26848,192,201,9,966528,Late
PO00265,2025-12,PRT012,SUP019,Optical sensors,Concord development,64,64,4613,73,85,12,295232,Late
PO00266,2025-12,PRT013,SUP024,C4ISR systems,Concord development,10,10,12565,136,163,27,125650,Late
PO00267,2025-12,PRT013,SUP024,C4ISR systems,Concord development,19,19,12565,139,139,0,238735,On time
PO00268,2025-12,PRT013,SUP024,C4ISR systems,Concord development,15,14,12565,125,117,0,188475,On time
PO00269,2025-12,PRT014,SUP021,C4ISR systems,Chantilly production,77,76,2172,77,86,9,167244,Late
PO00270,2025-12,PRT014,SUP021,C4ISR systems,Chantilly production,72,70,2172,73,101,28,156384,Late
PO00271,2025-12,PRT015,SUP024,C4ISR systems,Chantilly production,15,15,6594,94,95,1,98910,On time
PO00272,2025-12,PRT016,SUP016,Space electronics,Fairfax HQ,41,41,11990,100,104,4,491590,Late
PO00273,2025-12,PRT016,SUP016,Space electronics,Fairfax HQ,44,43,11990,111,107,0,527560,On time
PO00274,2025-12,PRT017,SUP015,Optical sensors,Fairfax HQ,61,58,6678,89,82,0,407358,On time
PO00275,2025-12,PRT017,SUP015,Optical sensors,Fairfax HQ,51,51,6678,71,64,0,340578,On time
PO00276,2025-12,PRT018,SUP001,C4ISR systems,Concord development,51,51,2034,50,58,8,103734,Late
PO00277,2025-12,PRT018,SUP001,C4ISR systems,Concord development,70,70,2034,70,64,0,142380,On time
PO00278,2025-12,PRT019,SUP029,Space electronics,Concord development,13,10,6481,140,138,0,84253,On time
PO00279,2025-12,PRT019,SUP029,Space electronics,Concord development,32,32,6481,143,148,5,207392,Late
PO00280,2025-12,PRT020,SUP017,Space electronics,Concord development,74,74,2563,50,55,5,189662,Late
PO00281,2025-12,PRT020,SUP017,Space electronics,Concord development,80,79,2563,59,69,10,205040,Late
PO00282,2025-12,PRT021,SUP010,Space electronics,Chantilly production,37,37,5196,38,38,0,192252,On time
PO00283,2025-12,PRT021,SUP010,Space electronics,Chantilly production,57,57,5196,50,46,0,296172,On time
PO00284,2025-12,PRT022,SUP021,Space electronics,Concord development,19,16,12796,168,175,7,243124,Late
PO00285,2025-12,PRT023,SUP030,Space electronics,Chantilly production,14,13,6162,102,99,0,86268,On time
PO00286,2025-12,PRT023,SUP030,Space electronics,Chantilly production,13,11,6162,119,125,6,80106,Late
PO00287,2025-12,PRT023,SUP030,Space electronics,Chantilly production,4,2,6162,99,91,0,24648,On time
PO00288,2025-12,PRT024,SUP020,Optical sensors,Concord development,54,52,5376,44,51,7,290304,Late
PO00289,2025-12,PRT024,SUP020,Optical sensors,Concord development,40,39,5376,47,44,0,215040,On time
PO00290,2025-12,PRT025,SUP004,Optical sensors,Concord development,12,11,6363,94,95,1,76356,On time
PO00291,2025-12,PRT026,SUP027,C4ISR systems,Chantilly production,58,58,2518,44,48,4,146044,Late
PO00292,2025-12,PRT027,SUP005,Optical sensors,Concord development,14,12,7560,213,210,0,105840,On time
PO00293,2025-12,PRT027,SUP005,Optical sensors,Concord development,24,23,7560,202,202,0,181440,On time
PO00294,2025-12,PRT028,SUP017,C4ISR systems,Concord development,52,52,13119,141,142,1,682188,On time
PO00295,2025-12,PRT029,SUP012,Optical sensors,Fairfax HQ,8,8,11039,110,128,18,88312,Late
PO00296,2025-12,PRT029,SUP012,Optical sensors,Fairfax HQ,17,17,11039,110,102,0,187663,On time
PO00297,2025-12,PRT029,SUP012,Optical sensors,Fairfax HQ,5,5,11039,100,106,6,55195,Late
PO00298,2025-12,PRT030,SUP028,Space electronics,Concord development,58,56,21193,152,149,0,1229194,On time
PO00299,2025-12,PRT031,SUP027,C4ISR systems,Chantilly production,50,50,1118,39,64,25,55900,Late
PO00300,2025-12,PRT032,SUP003,C4ISR systems,Concord development,34,34,11289,116,127,11,383826,Late
PO00301,2025-12,PRT032,SUP003,C4ISR systems,Concord development,29,29,11289,123,121,0,327381,On time
PO00302,2025-12,PRT032,SUP003,C4ISR systems,Concord development,26,26,11289,119,111,0,293514,On time
PO00303,2025-12,PRT033,SUP003,Space electronics,Chantilly production,37,35,19713,203,201,0,729381,On time
PO00304,2025-12,PRT034,SUP005,Optical sensors,Concord development,40,40,9048,107,123,16,361920,Late
PO00305,2025-12,PRT034,SUP005,Optical sensors,Concord development,28,28,9048,93,103,10,253344,Late
PO00306,2025-12,PRT034,SUP005,Optical sensors,Concord development,42,42,9048,98,124,26,380016,Late
PO00307,2025-12,PRT035,SUP026,C4ISR systems,Concord development,19,17,18810,113,128,15,357390,Late
PO00308,2025-12,PRT035,SUP026,C4ISR systems,Concord development,16,16,18810,119,129,10,300960,Late
PO00309,2025-12,PRT036,SUP008,Space electronics,Concord development,41,41,11855,144,178,34,486055,Late
PO00310,2025-12,PRT036,SUP008,Space electronics,Concord development,47,47,11855,146,155,9,557185,Late
PO00311,2025-12,PRT037,SUP004,Optical sensors,Concord development,16,15,15618,83,83,0,249888,On time
PO00312,2025-12,PRT037,SUP004,Optical sensors,Concord development,13,10,15618,98,90,0,203034,On time
PO00313,2025-12,PRT038,SUP007,Optical sensors,Concord development,56,55,13191,87,82,0,738696,On time
PO00314,2025-12,PRT038,SUP007,Optical sensors,Concord development,40,40,13191,81,89,8,527640,Late
PO00315,2025-12,PRT038,SUP007,Optical sensors,Concord development,43,43,13191,80,88,8,567213,Late
PO00316,2025-12,PRT039,SUP022,Space electronics,Concord development,16,15,10897,137,141,4,174352,Late
PO00317,2025-12,PRT040,SUP012,C4ISR systems,Fairfax HQ,27,25,9205,75,67,0,248535,On time
PO00318,2025-12,PRT040,SUP012,C4ISR systems,Fairfax HQ,23,20,9205,68,73,5,211715,Late
PO00319,2025-12,PRT040,SUP012,C4ISR systems,Fairfax HQ,31,29,9205,67,82,15,285355,Late
PO00320,2025-12,PRT041,SUP001,C4ISR systems,Chantilly production,31,31,3300,29,37,8,102300,Late
PO00321,2025-12,PRT041,SUP001,C4ISR systems,Chantilly production,33,33,3300,24,16,0,108900,On time
PO00322,2025-12,PRT042,SUP025,Optical sensors,Fairfax HQ,53,53,16538,137,132,0,876514,On time
PO00323,2025-12,PRT043,SUP001,Space electronics,Concord development,20,20,27940,139,170,31,558800,Late
PO00324,2025-12,PRT043,SUP001,Space electronics,Concord development,37,37,27940,140,132,0,1033780,On time
PO00325,2025-12,PRT044,SUP018,C4ISR systems,Concord development,41,41,27908,136,144,8,1144228,Late
PO00326,2025-12,PRT045,SUP004,Optical sensors,Chantilly production,1,0,21016,185,189,4,21016,Late
PO00327,2025-12,PRT045,SUP004,Optical sensors,Chantilly production,16,16,21016,172,186,14,336256,Late
PO00328,2025-12,PRT045,SUP004,Optical sensors,Chantilly production,26,26,21016,186,210,24,546416,Late
PO00329,2025-12,PRT046,SUP022,Optical sensors,Concord development,43,43,3440,81,101,20,147920,Late
PO00330,2025-12,PRT047,SUP029,Optical sensors,Chantilly production,12,12,10032,120,133,13,120384,Late
PO00331,2025-12,PRT048,SUP026,Space electronics,Chantilly production,13,12,7831,35,34,0,101803,On time
PO00332,2025-12,PRT049,SUP017,C4ISR systems,Chantilly production,34,32,5204,108,108,0,176936,On time
PO00333,2025-12,PRT049,SUP017,C4ISR systems,Chantilly production,28,26,5204,109,101,0,145712,On time
PO00334,2025-12,PRT050,SUP030,C4ISR systems,Fairfax HQ,49,49,17592,140,155,15,862008,Late
PO00335,2025-12,PRT050,SUP030,C4ISR systems,Fairfax HQ,57,56,17592,135,136,1,1002744,On time
PO00336,2025-12,PRT051,SUP010,C4ISR systems,Chantilly production,47,47,10683,51,62,11,502101,Late
PO00337,2025-12,PRT051,SUP010,C4ISR systems,Chantilly production,43,43,10683,48,43,0,459369,On time
PO00338,2025-12,PRT052,SUP011,Optical sensors,Concord development,52,50,23081,155,148,0,1200212,On time
PO00339,2025-12,PRT053,SUP003,C4ISR systems,Concord development,18,15,7900,111,127,16,142200,Late
PO00340,2025-12,PRT054,SUP023,Space electronics,Concord development,34,34,19050,125,124,0,647700,On time
PO00341,2025-12,PRT054,SUP023,Space electronics,Concord development,39,36,19050,131,123,0,742950,On time
PO00342,2025-12,PRT054,SUP023,Space electronics,Concord development,27,27,19050,141,157,16,514350,Late
PO00343,2025-12,PRT055,SUP030,C4ISR systems,Concord development,44,44,16722,167,175,8,735768,Late
PO00344,2025-12,PRT056,SUP019,Space electronics,Chantilly production,39,37,1044,27,19,0,40716,On time
PO00345,2025-12,PRT057,SUP015,Space electronics,Chantilly production,76,76,10695,154,165,11,812820,Late
PO00346,2025-12,PRT058,SUP025,C4ISR systems,Fairfax HQ,86,86,3859,36,43,7,331874,Late
PO00347,2025-12,PRT058,SUP025,C4ISR systems,Fairfax HQ,65,63,3859,33,40,7,250835,Late
PO00348,2025-12,PRT059,SUP018,Space electronics,Concord development,19,19,8926,104,106,2,169594,On time
PO00349,2025-12,PRT060,SUP023,Optical sensors,Concord development,27,24,10047,72,82,10,271269,Late
PO00350,2025-12,PRT061,SUP025,C4ISR systems,Concord development,10,8,18126,150,150,0,181260,On time
PO00351,2025-12,PRT061,SUP025,C4ISR systems,Concord development,15,13,18126,145,137,0,271890,On time
PO00352,2025-12,PRT061,SUP025,C4ISR systems,Concord development,12,11,18126,146,147,1,217512,On time
PO00353,2025-12,PRT062,SUP001,Space electronics,Chantilly production,30,27,6107,56,56,0,183210,On time
PO00354,2025-12,PRT062,SUP001,Space electronics,Chantilly production,54,54,6107,60,69,9,329778,Late
PO00355,2025-12,PRT063,SUP006,Space electronics,Concord development,18,18,23628,187,184,0,425304,On time
PO00356,2025-12,PRT063,SUP006,Space electronics,Concord development,34,31,23628,192,194,2,803352,On time
PO00357,2025-12,PRT064,SUP020,C4ISR systems,Chantilly production,30,30,17032,200,239,39,510960,Late
PO00358,2025-12,PRT064,SUP020,C4ISR systems,Chantilly production,31,29,17032,185,229,44,527992,Late
PO00359,2025-12,PRT065,SUP012,Optical sensors,Concord development,33,33,17214,127,139,12,568062,Late
PO00360,2025-12,PRT066,SUP008,C4ISR systems,Fairfax HQ,22,19,2458,36,30,0,54076,On time
PO00361,2025-12,PRT066,SUP008,C4ISR systems,Fairfax HQ,19,17,2458,38,46,8,46702,Late
PO00362,2025-12,PRT067,SUP003,C4ISR systems,Fairfax HQ,51,51,4668,101,100,0,238068,On time
PO00363,2025-12,PRT067,SUP003,C4ISR systems,Fairfax HQ,54,53,4668,94,87,0,252072,On time
PO00364,2025-12,PRT067,SUP003,C4ISR systems,Fairfax HQ,55,52,4668,106,98,0,256740,On time
PO00365,2025-12,PRT068,SUP017,Space electronics,Fairfax HQ,15,15,7145,86,80,0,107175,On time
PO00366,2025-12,PRT069,SUP004,Space electronics,Chantilly production,31,28,3425,38,39,1,106175,On time
PO00367,2025-12,PRT070,SUP015,C4ISR systems,Chantilly production,30,30,8172,81,92,11,245160,Late
PO00368,2025-12,PRT070,SUP015,C4ISR systems,Chantilly production,25,25,8172,91,91,0,204300,On time
PO00369,2025-12,PRT071,SUP012,Space electronics,Fairfax HQ,77,77,7378,78,78,0,568106,On time
PO00370,2025-12,PRT072,SUP024,Space electronics,Fairfax HQ,17,17,24697,176,180,4,419849,Late
PO00371,2025-12,PRT072,SUP024,Space electronics,Fairfax HQ,21,19,24697,163,174,11,518637,Late
PO00372,2026-01,PRT001,SUP004,Space electronics,Concord development,12,12,10578,89,100,11,126936,Late
PO00373,2026-01,PRT001,SUP004,Space electronics,Concord development,11,11,10578,93,105,12,116358,Late
PO00374,2026-01,PRT001,SUP004,Space electronics,Concord development,5,5,10578,107,105,0,52890,On time
PO00375,2026-01,PRT002,SUP011,Space electronics,Chantilly production,12,9,1928,43,37,0,23136,On time
PO00376,2026-01,PRT003,SUP021,Optical sensors,Concord development,36,33,18479,199,214,15,665244,Late
PO00377,2026-01,PRT004,SUP007,Space electronics,Chantilly production,65,65,7596,146,158,12,493740,Late
PO00378,2026-01,PRT004,SUP007,Space electronics,Chantilly production,76,74,7596,145,146,1,577296,On time
PO00379,2026-01,PRT005,SUP008,Optical sensors,Concord development,30,27,9250,73,65,0,277500,On time
PO00380,2026-01,PRT005,SUP008,Optical sensors,Concord development,39,39,9250,77,71,0,360750,On time
PO00381,2026-01,PRT006,SUP002,Space electronics,Concord development,38,38,24553,159,157,0,933014,On time
PO00382,2026-01,PRT007,SUP010,Space electronics,Chantilly production,1,1,4071,27,22,0,4071,On time
PO00383,2026-01,PRT008,SUP005,C4ISR systems,Chantilly production,4,3,6316,100,100,0,25264,On time
PO00384,2026-01,PRT009,SUP002,C4ISR systems,Fairfax HQ,67,66,2572,65,57,0,172324,On time
PO00385,2026-01,PRT009,SUP002,C4ISR systems,Fairfax HQ,47,47,2572,59,60,1,120884,On time
PO00386,2026-01,PRT010,SUP029,Space electronics,Fairfax HQ,63,63,7406,103,124,21,466578,Late
PO00387,2026-01,PRT011,SUP005,Space electronics,Chantilly production,37,34,26848,192,197,5,993376,Late
PO00388,2026-01,PRT012,SUP019,Optical sensors,Concord development,61,60,4613,86,102,16,281393,Late
PO00389,2026-01,PRT013,SUP024,C4ISR systems,Concord development,7,7,12565,125,132,7,87955,Late
PO00390,2026-01,PRT013,SUP024,C4ISR systems,Concord development,24,24,12565,129,136,7,301560,Late
PO00391,2026-01,PRT014,SUP021,C4ISR systems,Chantilly production,63,63,2172,68,60,0,136836,On time
PO00392,2026-01,PRT015,SUP024,C4ISR systems,Chantilly production,16,16,6594,75,97,22,105504,Late
PO00393,2026-01,PRT016,SUP016,Space electronics,Fairfax HQ,39,39,11990,107,128,21,467610,Late
PO00394,2026-01,PRT016,SUP016,Space electronics,Fairfax HQ,24,22,11990,108,114,6,287760,Late
PO00395,2026-01,PRT017,SUP015,Optical sensors,Fairfax HQ,57,55,6678,83,97,14,380646,Late
PO00396,2026-01,PRT018,SUP001,C4ISR systems,Concord development,62,62,2034,64,77,13,126108,Late
PO00397,2026-01,PRT019,SUP029,Space electronics,Concord development,18,15,6481,143,135,0,116658,On time
PO00398,2026-01,PRT019,SUP029,Space electronics,Concord development,15,15,6481,126,120,0,97215,On time
PO00399,2026-01,PRT020,SUP017,Space electronics,Concord development,77,75,2563,55,50,0,197351,On time
PO00400,2026-01,PRT021,SUP010,Space electronics,Chantilly production,40,38,5196,47,54,7,207840,Late
PO00401,2026-01,PRT022,SUP021,Space electronics,Concord development,43,43,12796,170,183,13,550228,Late
PO00402,2026-01,PRT022,SUP021,Space electronics,Concord development,32,29,12796,176,168,0,409472,On time
PO00403,2026-01,PRT023,SUP030,Space electronics,Chantilly production,1,0,6162,113,124,11,6162,Late
PO00404,2026-01,PRT024,SUP020,Optical sensors,Concord development,31,31,5376,56,64,8,166656,Late
PO00405,2026-01,PRT024,SUP020,Optical sensors,Concord development,37,35,5376,50,108,58,198912,Late
PO00406,2026-01,PRT025,SUP004,Optical sensors,Concord development,5,5,6363,93,85,0,31815,On time
PO00407,2026-01,PRT025,SUP004,Optical sensors,Concord development,12,11,6363,88,109,21,76356,Late
PO00408,2026-01,PRT026,SUP027,C4ISR systems,Chantilly production,91,91,2518,43,46,3,229138,On time
PO00409,2026-01,PRT027,SUP005,Optical sensors,Concord development,15,14,7560,198,197,0,113400,On time
PO00410,2026-01,PRT027,SUP005,Optical sensors,Concord development,3,2,7560,200,209,9,22680,Late
PO00411,2026-01,PRT028,SUP017,C4ISR systems,Concord development,58,57,13119,145,137,0,760902,On time
PO00412,2026-01,PRT028,SUP017,C4ISR systems,Concord development,48,48,13119,132,129,0,629712,On time
PO00413,2026-01,PRT029,SUP012,Optical sensors,Fairfax HQ,12,12,11039,106,125,19,132468,Late
PO00414,2026-01,PRT029,SUP012,Optical sensors,Fairfax HQ,1,0,11039,111,111,0,11039,On time
PO00415,2026-01,PRT030,SUP028,Space electronics,Concord development,63,60,21193,145,142,0,1335159,On time
PO00416,2026-01,PRT030,SUP028,Space electronics,Concord development,73,71,21193,144,139,0,1547089,On time
PO00417,2026-01,PRT031,SUP027,C4ISR systems,Chantilly production,52,51,1118,41,37,0,58136,On time
PO00418,2026-01,PRT032,SUP003,C4ISR systems,Concord development,23,23,11289,134,140,6,259647,Late
PO00419,2026-01,PRT032,SUP003,C4ISR systems,Concord development,25,23,11289,126,139,13,282225,Late
PO00420,2026-01,PRT032,SUP003,C4ISR systems,Concord development,24,24,11289,126,143,17,270936,Late
PO00421,2026-01,PRT033,SUP003,Space electronics,Chantilly production,30,30,19713,203,210,7,591390,Late
PO00422,2026-01,PRT033,SUP003,Space electronics,Chantilly production,30,30,19713,183,195,12,591390,Late
PO00423,2026-01,PRT034,SUP005,Optical sensors,Concord development,33,33,9048,102,99,0,298584,On time
PO00424,2026-01,PRT035,SUP026,C4ISR systems,Concord development,16,16,18810,124,116,0,300960,On time
PO00425,2026-01,PRT035,SUP026,C4ISR systems,Concord development,25,24,18810,108,108,0,470250,On time
PO00426,2026-01,PRT035,SUP026,C4ISR systems,Concord development,19,18,18810,112,122,10,357390,Late
PO00427,2026-01,PRT036,SUP008,Space electronics,Concord development,42,39,11855,140,157,17,497910,Late
PO00428,2026-01,PRT036,SUP008,Space electronics,Concord development,38,38,11855,151,159,8,450490,Late
PO00429,2026-01,PRT037,SUP004,Optical sensors,Concord development,31,31,15618,83,83,0,484158,On time
PO00430,2026-01,PRT037,SUP004,Optical sensors,Concord development,28,26,15618,89,83,0,437304,On time
PO00431,2026-01,PRT038,SUP007,Optical sensors,Concord development,47,46,13191,85,84,0,619977,On time
PO00432,2026-01,PRT038,SUP007,Optical sensors,Concord development,38,38,13191,84,89,5,501258,Late
PO00433,2026-01,PRT039,SUP022,Space electronics,Concord development,23,23,10897,142,182,40,250631,Late
PO00434,2026-01,PRT039,SUP022,Space electronics,Concord development,16,14,10897,154,169,15,174352,Late
PO00435,2026-01,PRT040,SUP012,C4ISR systems,Fairfax HQ,30,30,9205,76,70,0,276150,On time
PO00436,2026-01,PRT041,SUP001,C4ISR systems,Chantilly production,25,25,3300,28,42,14,82500,Late
PO00437,2026-01,PRT042,SUP025,Optical sensors,Fairfax HQ,33,30,16538,119,135,16,545754,Late
PO00438,2026-01,PRT042,SUP025,Optical sensors,Fairfax HQ,42,41,16538,124,140,16,694596,Late
PO00439,2026-01,PRT043,SUP001,Space electronics,Concord development,27,25,27940,134,126,0,754380,On time
PO00440,2026-01,PRT043,SUP001,Space electronics,Concord development,17,17,27940,139,142,3,474980,On time
PO00441,2026-01,PRT044,SUP018,C4ISR systems,Concord development,39,37,27908,119,111,0,1088412,On time
PO00442,2026-01,PRT045,SUP004,Optical sensors,Chantilly production,11,11,21016,171,174,3,231176,On time
PO00443,2026-01,PRT045,SUP004,Optical sensors,Chantilly production,22,20,21016,170,170,0,462352,On time
PO00444,2026-01,PRT045,SUP004,Optical sensors,Chantilly production,17,17,21016,168,160,0,357272,On time
PO00445,2026-01,PRT046,SUP022,Optical sensors,Concord development,43,43,3440,83,107,24,147920,Late
PO00446,2026-01,PRT047,SUP029,Optical sensors,Chantilly production,6,6,10032,124,144,20,60192,Late
PO00447,2026-01,PRT047,SUP029,Optical sensors,Chantilly production,10,10,10032,113,114,1,100320,On time
PO00448,2026-01,PRT047,SUP029,Optical sensors,Chantilly production,8,8,10032,117,113,0,80256,On time
PO00449,2026-01,PRT048,SUP026,Space electronics,Chantilly production,10,10,7831,34,31,0,78310,On time
PO00450,2026-01,PRT048,SUP026,Space electronics,Chantilly production,14,14,7831,29,41,12,109634,Late
PO00451,2026-01,PRT049,SUP017,C4ISR systems,Chantilly production,21,21,5204,91,85,0,109284,On time
PO00452,2026-01,PRT049,SUP017,C4ISR systems,Chantilly production,40,40,5204,111,103,0,208160,On time
PO00453,2026-01,PRT050,SUP030,C4ISR systems,Fairfax HQ,57,56,17592,141,133,0,1002744,On time
PO00454,2026-01,PRT050,SUP030,C4ISR systems,Fairfax HQ,55,54,17592,139,138,0,967560,On time
PO00455,2026-01,PRT051,SUP010,C4ISR systems,Chantilly production,61,61,10683,64,67,3,651663,On time
PO00456,2026-01,PRT052,SUP011,Optical sensors,Concord development,54,53,23081,151,143,0,1246374,On time
PO00457,2026-01,PRT053,SUP003,C4ISR systems,Concord development,28,28,7900,108,100,0,221200,On time
PO00458,2026-01,PRT053,SUP003,C4ISR systems,Concord development,37,36,7900,117,120,3,292300,On time
PO00459,2026-01,PRT054,SUP023,Space electronics,Concord development,40,37,19050,135,144,9,762000,Late
PO00460,2026-01,PRT055,SUP030,C4ISR systems,Concord development,31,31,16722,163,162,0,518382,On time
PO00461,2026-01,PRT055,SUP030,C4ISR systems,Concord development,20,19,16722,168,183,15,334440,Late
PO00462,2026-01,PRT056,SUP019,Space electronics,Chantilly production,43,42,1044,33,31,0,44892,On time
PO00463,2026-01,PRT056,SUP019,Space electronics,Chantilly production,51,50,1044,31,24,0,53244,On time
PO00464,2026-01,PRT056,SUP019,Space electronics,Chantilly production,49,47,1044,37,46,9,51156,Late
PO00465,2026-01,PRT057,SUP015,Space electronics,Chantilly production,73,71,10695,154,146,0,780735,On time
PO00466,2026-01,PRT057,SUP015,Space electronics,Chantilly production,75,74,10695,161,167,6,802125,Late
PO00467,2026-01,PRT057,SUP015,Space electronics,Chantilly production,64,63,10695,157,169,12,684480,Late
PO00468,2026-01,PRT058,SUP025,C4ISR systems,Fairfax HQ,73,73,3859,24,28,4,281707,Late
PO00469,2026-01,PRT058,SUP025,C4ISR systems,Fairfax HQ,72,72,3859,24,26,2,277848,On time
PO00470,2026-01,PRT059,SUP018,Space electronics,Concord development,8,6,8926,92,84,0,71408,On time
PO00471,2026-01,PRT060,SUP023,Optical sensors,Concord development,34,31,10047,78,73,0,341598,On time
PO00472,2026-01,PRT060,SUP023,Optical sensors,Concord development,32,29,10047,75,71,0,321504,On time
PO00473,2026-01,PRT061,SUP025,C4ISR systems,Concord development,16,16,18126,150,156,6,290016,Late
PO00474,2026-01,PRT061,SUP025,C4ISR systems,Concord development,9,9,18126,163,166,3,163134,On time
PO00475,2026-01,PRT061,SUP025,C4ISR systems,Concord development,13,13,18126,154,146,0,235638,On time
PO00476,2026-01,PRT062,SUP001,Space electronics,Chantilly production,52,52,6107,66,68,2,317564,On time
PO00477,2026-01,PRT062,SUP001,Space electronics,Chantilly production,45,42,6107,68,87,19,274815,Late
PO00478,2026-01,PRT062,SUP001,Space electronics,Chantilly production,48,47,6107,50,48,0,293136,On time
PO00479,2026-01,PRT063,SUP006,Space electronics,Concord development,22,22,23628,191,189,0,519816,On time
PO00480,2026-01,PRT063,SUP006,Space electronics,Concord development,16,16,23628,198,228,30,378048,Late
PO00481,2026-01,PRT064,SUP020,C4ISR systems,Chantilly production,38,38,17032,202,221,19,647216,Late
PO00482,2026-01,PRT064,SUP020,C4ISR systems,Chantilly production,35,34,17032,195,209,14,596120,Late
PO00483,2026-01,PRT064,SUP020,C4ISR systems,Chantilly production,34,34,17032,186,184,0,579088,On time
PO00484,2026-01,PRT065,SUP012,Optical sensors,Concord development,54,54,17214,137,129,0,929556,On time
PO00485,2026-01,PRT065,SUP012,Optical sensors,Concord development,41,41,17214,131,143,12,705774,Late
PO00486,2026-01,PRT065,SUP012,Optical sensors,Concord development,46,45,17214,127,127,0,791844,On time
PO00487,2026-01,PRT066,SUP008,C4ISR systems,Fairfax HQ,9,8,2458,47,47,0,22122,On time
PO00488,2026-01,PRT066,SUP008,C4ISR systems,Fairfax HQ,11,11,2458,54,57,3,27038,On time
PO00489,2026-01,PRT066,SUP008,C4ISR systems,Fairfax HQ,11,11,2458,36,52,16,27038,Late
PO00490,2026-01,PRT067,SUP003,C4ISR systems,Fairfax HQ,52,52,4668,103,101,0,242736,On time
PO00491,2026-01,PRT067,SUP003,C4ISR systems,Fairfax HQ,53,53,4668,111,114,3,247404,On time
PO00492,2026-01,PRT067,SUP003,C4ISR systems,Fairfax HQ,43,43,4668,104,104,0,200724,On time
PO00493,2026-01,PRT068,SUP017,Space electronics,Fairfax HQ,16,13,7145,81,100,19,114320,Late
PO00494,2026-01,PRT068,SUP017,Space electronics,Fairfax HQ,5,5,7145,79,96,17,35725,Late
PO00495,2026-01,PRT068,SUP017,Space electronics,Fairfax HQ,12,12,7145,88,98,10,85740,Late
PO00496,2026-01,PRT069,SUP004,Space electronics,Chantilly production,33,33,3425,50,60,10,113025,Late
PO00497,2026-01,PRT070,SUP015,C4ISR systems,Chantilly production,26,26,8172,87,93,6,212472,Late
PO00498,2026-01,PRT070,SUP015,C4ISR systems,Chantilly production,35,34,8172,89,104,15,286020,Late
PO00499,2026-01,PRT071,SUP012,Space electronics,Fairfax HQ,84,82,7378,68,83,15,619752,Late
PO00500,2026-01,PRT071,SUP012,Space electronics,Fairfax HQ,69,69,7378,73,68,0,509082,On time
PO00501,2026-01,PRT072,SUP024,Space electronics,Fairfax HQ,1,0,24697,172,183,11,24697,Late
PO00502,2026-01,PRT072,SUP024,Space electronics,Fairfax HQ,4,1,24697,156,166,10,98788,Late
PO00503,2026-02,PRT001,SUP004,Space electronics,Concord development,25,22,10578,103,105,2,264450,On time
PO00504,2026-02,PRT002,SUP011,Space electronics,Chantilly production,15,12,1928,45,40,0,28920,On time
PO00505,2026-02,PRT003,SUP021,Optical sensors,Concord development,28,25,18479,186,227,41,517412,Late
PO00506,2026-02,PRT004,SUP007,Space electronics,Chantilly production,51,51,7596,154,146,0,387396,On time
PO00507,2026-02,PRT005,SUP008,Optical sensors,Concord development,28,26,9250,79,77,0,259000,On time
PO00508,2026-02,PRT006,SUP002,Space electronics,Concord development,32,29,24553,157,156,0,785696,On time
PO00509,2026-02,PRT006,SUP002,Space electronics,Concord development,51,51,24553,160,160,0,1252203,On time
PO00510,2026-02,PRT007,SUP010,Space electronics,Chantilly production,20,20,4071,42,51,9,81420,Late
PO00511,2026-02,PRT007,SUP010,Space electronics,Chantilly production,13,13,4071,27,50,23,52923,Late
PO00512,2026-02,PRT007,SUP010,Space electronics,Chantilly production,10,10,4071,37,39,2,40710,On time
PO00513,2026-02,PRT008,SUP005,C4ISR systems,Chantilly production,8,5,6316,86,99,13,50528,Late
PO00514,2026-02,PRT009,SUP002,C4ISR systems,Fairfax HQ,49,49,2572,66,85,19,126028,Late
PO00515,2026-02,PRT010,SUP029,Space electronics,Fairfax HQ,71,71,7406,104,106,2,525826,On time
PO00516,2026-02,PRT010,SUP029,Space electronics,Fairfax HQ,65,65,7406,103,111,8,481390,Late
PO00517,2026-02,PRT011,SUP005,Space electronics,Chantilly production,29,27,26848,190,194,4,778592,Late
PO00518,2026-02,PRT011,SUP005,Space electronics,Chantilly production,60,57,26848,207,199,0,1610880,On time
PO00519,2026-02,PRT011,SUP005,Space electronics,Chantilly production,45,45,26848,210,221,11,1208160,Late
PO00520,2026-02,PRT012,SUP019,Optical sensors,Concord development,65,65,4613,88,84,0,299845,On time
PO00521,2026-02,PRT012,SUP019,Optical sensors,Concord development,68,67,4613,76,92,16,313684,Late
PO00522,2026-02,PRT013,SUP024,C4ISR systems,Concord development,15,15,12565,139,139,0,188475,On time
PO00523,2026-02,PRT013,SUP024,C4ISR systems,Concord development,10,7,12565,133,129,0,125650,On time
PO00524,2026-02,PRT014,SUP021,C4ISR systems,Chantilly production,85,84,2172,75,81,6,184620,Late
PO00525,2026-02,PRT014,SUP021,C4ISR systems,Chantilly production,80,78,2172,66,73,7,173760,Late
PO00526,2026-02,PRT015,SUP024,C4ISR systems,Chantilly production,13,13,6594,94,105,11,85722,Late
PO00527,2026-02,PRT015,SUP024,C4ISR systems,Chantilly production,1,0,6594,76,90,14,6594,Late
PO00528,2026-02,PRT016,SUP016,Space electronics,Fairfax HQ,48,48,11990,102,114,12,575520,Late
PO00529,2026-02,PRT017,SUP015,Optical sensors,Fairfax HQ,70,70,6678,90,91,1,467460,On time
PO00530,2026-02,PRT017,SUP015,Optical sensors,Fairfax HQ,67,65,6678,89,106,17,447426,Late
PO00531,2026-02,PRT017,SUP015,Optical sensors,Fairfax HQ,57,54,6678,90,82,0,380646,On time
PO00532,2026-02,PRT018,SUP001,C4ISR systems,Concord development,54,52,2034,68,60,0,109836,On time
PO00533,2026-02,PRT019,SUP029,Space electronics,Concord development,32,30,6481,138,130,0,207392,On time
PO00534,2026-02,PRT020,SUP017,Space electronics,Concord development,79,77,2563,48,61,13,202477,Late
PO00535,2026-02,PRT020,SUP017,Space electronics,Concord development,64,64,2563,63,63,0,164032,On time
PO00536,2026-02,PRT020,SUP017,Space electronics,Concord development,69,69,2563,56,48,0,176847,On time
PO00537,2026-02,PRT021,SUP010,Space electronics,Chantilly production,45,45,5196,40,32,0,233820,On time
PO00538,2026-02,PRT022,SUP021,Space electronics,Concord development,39,39,12796,178,187,9,499044,Late
PO00539,2026-02,PRT022,SUP021,Space electronics,Concord development,46,43,12796,173,171,0,588616,On time
PO00540,2026-02,PRT022,SUP021,Space electronics,Concord development,38,38,12796,177,169,0,486248,On time
PO00541,2026-02,PRT023,SUP030,Space electronics,Chantilly production,17,17,6162,112,121,9,104754,Late
PO00542,2026-02,PRT023,SUP030,Space electronics,Chantilly production,13,12,6162,114,125,11,80106,Late
PO00543,2026-02,PRT024,SUP020,Optical sensors,Concord development,52,52,5376,61,75,14,279552,Late
PO00544,2026-02,PRT025,SUP004,Optical sensors,Concord development,4,4,6363,98,108,10,25452,Late
PO00545,2026-02,PRT025,SUP004,Optical sensors,Concord development,8,7,6363,101,107,6,50904,Late
PO00546,2026-02,PRT026,SUP027,C4ISR systems,Chantilly production,64,61,2518,37,45,8,161152,Late
PO00547,2026-02,PRT026,SUP027,C4ISR systems,Chantilly production,71,70,2518,40,34,0,178778,On time
PO00548,2026-02,PRT026,SUP027,C4ISR systems,Chantilly production,71,71,2518,40,38,0,178778,On time
PO00549,2026-02,PRT027,SUP005,Optical sensors,Concord development,7,7,7560,204,196,0,52920,On time
PO00550,2026-02,PRT027,SUP005,Optical sensors,Concord development,10,9,7560,211,203,0,75600,On time
PO00551,2026-02,PRT028,SUP017,C4ISR systems,Concord development,63,62,13119,152,167,15,826497,Late
PO00552,2026-02,PRT028,SUP017,C4ISR systems,Concord development,66,64,13119,149,158,9,865854,Late
PO00553,2026-02,PRT029,SUP012,Optical sensors,Fairfax HQ,13,11,11039,107,99,0,143507,On time
PO00554,2026-02,PRT030,SUP028,Space electronics,Concord development,72,72,21193,147,155,8,1525896,Late
PO00555,2026-02,PRT030,SUP028,Space electronics,Concord development,61,59,21193,158,171,13,1292773,Late
PO00556,2026-02,PRT030,SUP028,Space electronics,Concord development,61,59,21193,149,169,20,1292773,Late
PO00557,2026-02,PRT031,SUP027,C4ISR systems,Chantilly production,54,51,1118,29,23,0,60372,On time
PO00558,2026-02,PRT031,SUP027,C4ISR systems,Chantilly production,46,46,1118,31,42,11,51428,Late
PO00559,2026-02,PRT032,SUP003,C4ISR systems,Concord development,32,30,11289,132,137,5,361248,Late
PO00560,2026-02,PRT032,SUP003,C4ISR systems,Concord development,14,14,11289,127,119,0,158046,On time
PO00561,2026-02,PRT033,SUP003,Space electronics,Chantilly production,24,24,19713,202,212,10,473112,Late
PO00562,2026-02,PRT034,SUP005,Optical sensors,Concord development,38,38,9048,97,121,24,343824,Late
PO00563,2026-02,PRT034,SUP005,Optical sensors,Concord development,54,52,9048,108,130,22,488592,Late
PO00564,2026-02,PRT035,SUP026,C4ISR systems,Concord development,21,21,18810,118,114,0,395010,On time
PO00565,2026-02,PRT036,SUP008,Space electronics,Concord development,44,43,11855,142,134,0,521620,On time
PO00566,2026-02,PRT037,SUP004,Optical sensors,Concord development,16,16,15618,94,107,13,249888,Late
PO00567,2026-02,PRT037,SUP004,Optical sensors,Concord development,10,7,15618,85,83,0,156180,On time
PO00568,2026-02,PRT038,SUP007,Optical sensors,Concord development,49,49,13191,87,104,17,646359,Late
PO00569,2026-02,PRT039,SUP022,Space electronics,Concord development,14,14,10897,153,173,20,152558,Late
PO00570,2026-02,PRT039,SUP022,Space electronics,Concord development,28,25,10897,137,152,15,305116,Late
PO00571,2026-02,PRT040,SUP012,C4ISR systems,Fairfax HQ,33,30,9205,74,92,18,303765,Late
PO00572,2026-02,PRT041,SUP001,C4ISR systems,Chantilly production,15,15,3300,34,32,0,49500,On time
PO00573,2026-02,PRT041,SUP001,C4ISR systems,Chantilly production,23,23,3300,38,30,0,75900,On time
PO00574,2026-02,PRT041,SUP001,C4ISR systems,Chantilly production,22,22,3300,39,48,9,72600,Late
PO00575,2026-02,PRT042,SUP025,Optical sensors,Fairfax HQ,31,31,16538,124,116,0,512678,On time
PO00576,2026-02,PRT042,SUP025,Optical sensors,Fairfax HQ,34,31,16538,135,154,19,562292,Late
PO00577,2026-02,PRT043,SUP001,Space electronics,Concord development,39,39,27940,132,145,13,1089660,Late
PO00578,2026-02,PRT044,SUP018,C4ISR systems,Concord development,38,35,27908,120,112,0,1060504,On time
PO00579,2026-02,PRT044,SUP018,C4ISR systems,Concord development,26,24,27908,130,124,0,725608,On time
PO00580,2026-02,PRT044,SUP018,C4ISR systems,Concord development,35,35,27908,137,150,13,976780,Late
PO00581,2026-02,PRT045,SUP004,Optical sensors,Chantilly production,1,1,21016,176,190,14,21016,Late
PO00582,2026-02,PRT045,SUP004,Optical sensors,Chantilly production,13,13,21016,174,166,0,273208,On time
PO00583,2026-02,PRT046,SUP022,Optical sensors,Concord development,37,36,3440,97,102,5,127280,Late
PO00584,2026-02,PRT046,SUP022,Optical sensors,Concord development,28,28,3440,101,110,9,96320,Late
PO00585,2026-02,PRT046,SUP022,Optical sensors,Concord development,44,43,3440,92,120,28,151360,Late
PO00586,2026-02,PRT047,SUP029,Optical sensors,Chantilly production,21,21,10032,107,102,0,210672,On time
PO00587,2026-02,PRT047,SUP029,Optical sensors,Chantilly production,32,32,10032,123,136,13,321024,Late
PO00588,2026-02,PRT047,SUP029,Optical sensors,Chantilly production,16,16,10032,123,115,0,160512,On time
PO00589,2026-02,PRT048,SUP026,Space electronics,Chantilly production,28,28,7831,27,31,4,219268,Late
PO00590,2026-02,PRT049,SUP017,C4ISR systems,Chantilly production,21,18,5204,111,109,0,109284,On time
PO00591,2026-02,PRT049,SUP017,C4ISR systems,Chantilly production,29,26,5204,102,113,11,150916,Late
PO00592,2026-02,PRT050,SUP030,C4ISR systems,Fairfax HQ,59,56,17592,139,142,3,1037928,On time
PO00593,2026-02,PRT050,SUP030,C4ISR systems,Fairfax HQ,55,55,17592,141,150,9,967560,Late
PO00594,2026-02,PRT050,SUP030,C4ISR systems,Fairfax HQ,60,59,17592,142,142,0,1055520,On time
PO00595,2026-02,PRT051,SUP010,C4ISR systems,Chantilly production,65,65,10683,62,66,4,694395,Late
PO00596,2026-02,PRT051,SUP010,C4ISR systems,Chantilly production,53,52,10683,55,55,0,566199,On time
PO00597,2026-02,PRT052,SUP011,Optical sensors,Concord development,57,57,23081,156,155,0,1315617,On time
PO00598,2026-02,PRT052,SUP011,Optical sensors,Concord development,58,56,23081,163,179,16,1338698,Late
PO00599,2026-02,PRT053,SUP003,C4ISR systems,Concord development,23,23,7900,113,131,18,181700,Late
PO00600,2026-02,PRT053,SUP003,C4ISR systems,Concord development,31,31,7900,118,110,0,244900,On time
PO00601,2026-02,PRT054,SUP023,Space electronics,Concord development,44,44,19050,133,125,0,838200,On time
PO00602,2026-02,PRT055,SUP030,C4ISR systems,Concord development,24,24,16722,171,165,0,401328,On time
PO00603,2026-02,PRT055,SUP030,C4ISR systems,Concord development,33,33,16722,171,181,10,551826,Late
PO00604,2026-02,PRT056,SUP019,Space electronics,Chantilly production,30,29,1044,23,38,15,31320,Late
PO00605,2026-02,PRT056,SUP019,Space electronics,Chantilly production,28,28,1044,25,32,7,29232,Late
PO00606,2026-02,PRT057,SUP015,Space electronics,Chantilly production,63,62,10695,143,135,0,673785,On time
PO00607,2026-02,PRT057,SUP015,Space electronics,Chantilly production,63,63,10695,161,158,0,673785,On time
PO00608,2026-02,PRT058,SUP025,C4ISR systems,Fairfax HQ,62,62,3859,32,29,0,239258,On time
PO00609,2026-02,PRT058,SUP025,C4ISR systems,Fairfax HQ,76,76,3859,38,52,14,293284,Late
PO00610,2026-02,PRT058,SUP025,C4ISR systems,Fairfax HQ,67,67,3859,25,28,3,258553,On time
PO00611,2026-02,PRT059,SUP018,Space electronics,Concord development,12,12,8926,107,105,0,107112,On time
PO00612,2026-02,PRT060,SUP023,Optical sensors,Concord development,43,43,10047,87,80,0,432021,On time
PO00613,2026-02,PRT060,SUP023,Optical sensors,Concord development,48,45,10047,70,81,11,482256,Late
PO00614,2026-02,PRT060,SUP023,Optical sensors,Concord development,49,46,10047,70,67,0,492303,On time
PO00615,2026-02,PRT061,SUP025,C4ISR systems,Concord development,7,7,18126,154,153,0,126882,On time
PO00616,2026-02,PRT061,SUP025,C4ISR systems,Concord development,17,17,18126,150,158,8,308142,Late
PO00617,2026-02,PRT062,SUP001,Space electronics,Chantilly production,48,48,6107,56,59,3,293136,On time
PO00618,2026-02,PRT063,SUP006,Space electronics,Concord development,18,16,23628,187,200,13,425304,Late
PO00619,2026-02,PRT064,SUP020,C4ISR systems,Chantilly production,42,40,17032,203,203,0,715344,On time
PO00620,2026-02,PRT064,SUP020,C4ISR systems,Chantilly production,33,30,17032,192,218,26,562056,Late
PO00621,2026-02,PRT065,SUP012,Optical sensors,Concord development,52,52,17214,131,131,0,895128,On time
PO00622,2026-02,PRT065,SUP012,Optical sensors,Concord development,53,53,17214,129,138,9,912342,Late
PO00623,2026-02,PRT066,SUP008,C4ISR systems,Fairfax HQ,1,0,2458,43,55,12,2458,Late
PO00624,2026-02,PRT067,SUP003,C4ISR systems,Fairfax HQ,66,66,4668,104,112,8,308088,Late
PO00625,2026-02,PRT067,SUP003,C4ISR systems,Fairfax HQ,60,60,4668,106,98,0,280080,On time
PO00626,2026-02,PRT067,SUP003,C4ISR systems,Fairfax HQ,73,73,4668,105,118,13,340764,Late
PO00627,2026-02,PRT068,SUP017,Space electronics,Fairfax HQ,7,6,7145,89,97,8,50015,Late
PO00628,2026-02,PRT069,SUP004,Space electronics,Chantilly production,42,42,3425,58,68,10,143850,Late
PO00629,2026-02,PRT070,SUP015,C4ISR systems,Chantilly production,47,46,8172,83,81,0,384084,On time
PO00630,2026-02,PRT071,SUP012,Space electronics,Fairfax HQ,80,80,7378,72,68,0,590240,On time
PO00631,2026-02,PRT072,SUP024,Space electronics,Fairfax HQ,8,8,24697,168,160,0,197576,On time
PO00632,2026-02,PRT072,SUP024,Space electronics,Fairfax HQ,35,35,24697,169,161,0,864395,On time
PO00633,2026-03,PRT001,SUP004,Space electronics,Concord development,16,15,10578,88,81,0,169248,On time
PO00634,2026-03,PRT002,SUP011,Space electronics,Chantilly production,26,24,1928,36,40,4,50128,Late
PO00635,2026-03,PRT002,SUP011,Space electronics,Chantilly production,15,15,1928,49,44,0,28920,On time
PO00636,2026-03,PRT002,SUP011,Space electronics,Chantilly production,7,4,1928,44,46,2,13496,On time
PO00637,2026-03,PRT003,SUP021,Optical sensors,Concord development,16,16,18479,194,194,0,295664,On time
PO00638,2026-03,PRT004,SUP007,Space electronics,Chantilly production,70,67,7596,142,162,20,531720,Late
PO00639,2026-03,PRT004,SUP007,Space electronics,Chantilly production,58,57,7596,146,143,0,440568,On time
PO00640,2026-03,PRT004,SUP007,Space electronics,Chantilly production,69,69,7596,152,148,0,524124,On time
PO00641,2026-03,PRT005,SUP008,Optical sensors,Concord development,32,32,9250,70,83,13,296000,Late
PO00642,2026-03,PRT005,SUP008,Optical sensors,Concord development,34,34,9250,74,88,14,314500,Late
PO00643,2026-03,PRT006,SUP002,Space electronics,Concord development,38,38,24553,168,174,6,933014,Late
PO00644,2026-03,PRT006,SUP002,Space electronics,Concord development,43,42,24553,157,171,14,1055779,Late
PO00645,2026-03,PRT007,SUP010,Space electronics,Chantilly production,7,7,4071,45,43,0,28497,On time
PO00646,2026-03,PRT007,SUP010,Space electronics,Chantilly production,35,35,4071,38,30,0,142485,On time
PO00647,2026-03,PRT008,SUP005,C4ISR systems,Chantilly production,24,22,6316,92,84,0,151584,On time
PO00648,2026-03,PRT008,SUP005,C4ISR systems,Chantilly production,18,16,6316,101,100,0,113688,On time
PO00649,2026-03,PRT009,SUP002,C4ISR systems,Fairfax HQ,62,62,2572,72,75,3,159464,On time
PO00650,2026-03,PRT010,SUP029,Space electronics,Fairfax HQ,57,55,7406,108,109,1,422142,On time
PO00651,2026-03,PRT010,SUP029,Space electronics,Fairfax HQ,68,68,7406,97,115,18,503608,Late
PO00652,2026-03,PRT010,SUP029,Space electronics,Fairfax HQ,52,52,7406,107,105,0,385112,On time
PO00653,2026-03,PRT011,SUP005,Space electronics,Chantilly production,33,30,26848,193,196,3,885984,On time
PO00654,2026-03,PRT012,SUP019,Optical sensors,Concord development,58,56,4613,87,82,0,267554,On time
PO00655,2026-03,PRT012,SUP019,Optical sensors,Concord development,48,46,4613,89,110,21,221424,Late
PO00656,2026-03,PRT013,SUP024,C4ISR systems,Concord development,10,10,12565,129,148,19,125650,Late
PO00657,2026-03,PRT013,SUP024,C4ISR systems,Concord development,4,3,12565,127,144,17,50260,Late
PO00658,2026-03,PRT014,SUP021,C4ISR systems,Chantilly production,63,63,2172,74,69,0,136836,On time
PO00659,2026-03,PRT014,SUP021,C4ISR systems,Chantilly production,74,72,2172,68,65,0,160728,On time
PO00660,2026-03,PRT015,SUP024,C4ISR systems,Chantilly production,8,7,6594,90,97,7,52752,Late
PO00661,2026-03,PRT015,SUP024,C4ISR systems,Chantilly production,5,5,6594,83,75,0,32970,On time
PO00662,2026-03,PRT016,SUP016,Space electronics,Fairfax HQ,32,32,11990,108,114,6,383680,Late
PO00663,2026-03,PRT016,SUP016,Space electronics,Fairfax HQ,46,46,11990,106,110,4,551540,Late
PO00664,2026-03,PRT017,SUP015,Optical sensors,Fairfax HQ,67,64,6678,83,90,7,447426,Late
PO00665,2026-03,PRT018,SUP001,C4ISR systems,Concord development,36,33,2034,56,60,4,73224,Late
PO00666,2026-03,PRT018,SUP001,C4ISR systems,Concord development,33,30,2034,51,61,10,67122,Late
PO00667,2026-03,PRT018,SUP001,C4ISR systems,Concord development,46,46,2034,54,46,0,93564,On time
PO00668,2026-03,PRT019,SUP029,Space electronics,Concord development,6,4,6481,127,146,19,38886,Late
PO00669,2026-03,PRT019,SUP029,Space electronics,Concord development,8,8,6481,133,133,0,51848,On time
PO00670,2026-03,PRT019,SUP029,Space electronics,Concord development,21,21,6481,129,132,3,136101,On time
PO00671,2026-03,PRT020,SUP017,Space electronics,Concord development,67,64,2563,53,62,9,171721,Late
PO00672,2026-03,PRT020,SUP017,Space electronics,Concord development,85,85,2563,50,51,1,217855,On time
PO00673,2026-03,PRT021,SUP010,Space electronics,Chantilly production,27,27,5196,50,42,0,140292,On time
PO00674,2026-03,PRT022,SUP021,Space electronics,Concord development,46,46,12796,184,199,15,588616,Late
PO00675,2026-03,PRT022,SUP021,Space electronics,Concord development,35,35,12796,181,188,7,447860,Late
PO00676,2026-03,PRT022,SUP021,Space electronics,Concord development,28,25,12796,178,182,4,358288,Late
PO00677,2026-03,PRT023,SUP030,Space electronics,Chantilly production,4,3,6162,104,96,0,24648,On time
PO00678,2026-03,PRT023,SUP030,Space electronics,Chantilly production,8,8,6162,105,109,4,49296,Late
PO00679,2026-03,PRT023,SUP030,Space electronics,Chantilly production,4,3,6162,110,104,0,24648,On time
PO00680,2026-03,PRT024,SUP020,Optical sensors,Concord development,37,37,5376,61,76,15,198912,Late
PO00681,2026-03,PRT024,SUP020,Optical sensors,Concord development,44,44,5376,46,75,29,236544,Late
PO00682,2026-03,PRT025,SUP004,Optical sensors,Concord development,14,14,6363,88,89,1,89082,On time
PO00683,2026-03,PRT026,SUP027,C4ISR systems,Chantilly production,81,81,2518,55,68,13,203958,Late
PO00684,2026-03,PRT027,SUP005,Optical sensors,Concord development,26,24,7560,215,236,21,196560,Late
PO00685,2026-03,PRT028,SUP017,C4ISR systems,Concord development,55,55,13119,150,151,1,721545,On time
PO00686,2026-03,PRT029,SUP012,Optical sensors,Fairfax HQ,11,8,11039,99,91,0,121429,On time
PO00687,2026-03,PRT029,SUP012,Optical sensors,Fairfax HQ,15,13,11039,105,116,11,165585,Late
PO00688,2026-03,PRT029,SUP012,Optical sensors,Fairfax HQ,4,4,11039,102,102,0,44156,On time
PO00689,2026-03,PRT030,SUP028,Space electronics,Concord development,52,52,21193,157,162,5,1102036,Late
PO00690,2026-03,PRT030,SUP028,Space electronics,Concord development,67,65,21193,142,149,7,1419931,Late
PO00691,2026-03,PRT030,SUP028,Space electronics,Concord development,82,80,21193,159,151,0,1737826,On time
PO00692,2026-03,PRT031,SUP027,C4ISR systems,Chantilly production,64,62,1118,42,42,0,71552,On time
PO00693,2026-03,PRT032,SUP003,C4ISR systems,Concord development,8,7,11289,134,126,0,90312,On time
PO00694,2026-03,PRT032,SUP003,C4ISR systems,Concord development,30,30,11289,122,114,0,338670,On time
PO00695,2026-03,PRT033,SUP003,Space electronics,Chantilly production,45,42,19713,196,188,0,887085,On time
PO00696,2026-03,PRT033,SUP003,Space electronics,Chantilly production,14,11,19713,191,184,0,275982,On time
PO00697,2026-03,PRT033,SUP003,Space electronics,Chantilly production,40,37,19713,187,179,0,788520,On time
PO00698,2026-03,PRT034,SUP005,Optical sensors,Concord development,36,35,9048,107,112,5,325728,Late
PO00699,2026-03,PRT034,SUP005,Optical sensors,Concord development,34,34,9048,95,107,12,307632,Late
PO00700,2026-03,PRT034,SUP005,Optical sensors,Concord development,44,44,9048,109,124,15,398112,Late
PO00701,2026-03,PRT035,SUP026,C4ISR systems,Concord development,8,5,18810,108,110,2,150480,On time
PO00702,2026-03,PRT035,SUP026,C4ISR systems,Concord development,22,22,18810,121,129,8,413820,Late
PO00703,2026-03,PRT036,SUP008,Space electronics,Concord development,55,52,11855,154,156,2,652025,On time
PO00704,2026-03,PRT037,SUP004,Optical sensors,Concord development,9,9,15618,98,99,1,140562,On time
PO00705,2026-03,PRT037,SUP004,Optical sensors,Concord development,6,6,15618,101,128,27,93708,Late
PO00706,2026-03,PRT038,SUP007,Optical sensors,Concord development,39,36,13191,75,70,0,514449,On time
PO00707,2026-03,PRT039,SUP022,Space electronics,Concord development,23,22,10897,139,154,15,250631,Late
PO00708,2026-03,PRT039,SUP022,Space electronics,Concord development,35,32,10897,146,152,6,381395,Late
PO00709,2026-03,PRT040,SUP012,C4ISR systems,Fairfax HQ,48,46,9205,65,57,0,441840,On time
PO00710,2026-03,PRT041,SUP001,C4ISR systems,Chantilly production,31,29,3300,28,63,35,102300,Late
PO00711,2026-03,PRT041,SUP001,C4ISR systems,Chantilly production,24,21,3300,27,31,4,79200,Late
PO00712,2026-03,PRT041,SUP001,C4ISR systems,Chantilly production,11,11,3300,37,38,1,36300,On time
PO00713,2026-03,PRT042,SUP025,Optical sensors,Fairfax HQ,32,30,16538,130,123,0,529216,On time
PO00714,2026-03,PRT042,SUP025,Optical sensors,Fairfax HQ,30,28,16538,129,130,1,496140,On time
PO00715,2026-03,PRT042,SUP025,Optical sensors,Fairfax HQ,31,31,16538,121,113,0,512678,On time
PO00716,2026-03,PRT043,SUP001,Space electronics,Concord development,29,26,27940,123,124,1,810260,On time
PO00717,2026-03,PRT043,SUP001,Space electronics,Concord development,31,31,27940,128,126,0,866140,On time
PO00718,2026-03,PRT043,SUP001,Space electronics,Concord development,33,33,27940,135,131,0,922020,On time
PO00719,2026-03,PRT044,SUP018,C4ISR systems,Concord development,28,26,27908,136,128,0,781424,On time
PO00720,2026-03,PRT044,SUP018,C4ISR systems,Concord development,31,28,27908,130,153,23,865148,Late
PO00721,2026-03,PRT045,SUP004,Optical sensors,Chantilly production,21,21,21016,172,177,5,441336,Late
PO00722,2026-03,PRT045,SUP004,Optical sensors,Chantilly production,17,16,21016,177,184,7,357272,Late
PO00723,2026-03,PRT046,SUP022,Optical sensors,Concord development,38,38,3440,86,93,7,130720,Late
PO00724,2026-03,PRT046,SUP022,Optical sensors,Concord development,47,46,3440,85,106,21,161680,Late
PO00725,2026-03,PRT047,SUP029,Optical sensors,Chantilly production,15,13,10032,120,146,26,150480,Late
PO00726,2026-03,PRT048,SUP026,Space electronics,Chantilly production,10,8,7831,21,32,11,78310,Late
PO00727,2026-03,PRT048,SUP026,Space electronics,Chantilly production,3,3,7831,34,39,5,23493,Late
PO00728,2026-03,PRT048,SUP026,Space electronics,Chantilly production,4,1,7831,25,17,0,31324,On time
PO00729,2026-03,PRT049,SUP017,C4ISR systems,Chantilly production,20,20,5204,92,91,0,104080,On time
PO00730,2026-03,PRT049,SUP017,C4ISR systems,Chantilly production,24,23,5204,106,114,8,124896,Late
PO00731,2026-03,PRT049,SUP017,C4ISR systems,Chantilly production,25,22,5204,91,91,0,130100,On time
PO00732,2026-03,PRT050,SUP030,C4ISR systems,Fairfax HQ,67,64,17592,131,123,0,1178664,On time
PO00733,2026-03,PRT050,SUP030,C4ISR systems,Fairfax HQ,61,61,17592,144,136,0,1073112,On time
PO00734,2026-03,PRT050,SUP030,C4ISR systems,Fairfax HQ,42,40,17592,125,133,8,738864,Late
PO00735,2026-03,PRT051,SUP010,C4ISR systems,Chantilly production,52,50,10683,51,66,15,555516,Late
PO00736,2026-03,PRT051,SUP010,C4ISR systems,Chantilly production,52,52,10683,46,44,0,555516,On time
PO00737,2026-03,PRT052,SUP011,Optical sensors,Concord development,45,42,23081,161,171,10,1038645,Late
PO00738,2026-03,PRT052,SUP011,Optical sensors,Concord development,46,45,23081,162,154,0,1061726,On time
PO00739,2026-03,PRT053,SUP003,C4ISR systems,Concord development,19,19,7900,116,137,21,150100,Late
PO00740,2026-03,PRT054,SUP023,Space electronics,Concord development,21,21,19050,134,137,3,400050,On time
PO00741,2026-03,PRT054,SUP023,Space electronics,Concord development,49,48,19050,126,122,0,933450,On time
PO00742,2026-03,PRT055,SUP030,C4ISR systems,Concord development,32,30,16722,170,167,0,535104,On time
PO00743,2026-03,PRT056,SUP019,Space electronics,Chantilly production,42,42,1044,34,31,0,43848,On time
PO00744,2026-03,PRT057,SUP015,Space electronics,Chantilly production,75,75,10695,157,166,9,802125,Late
PO00745,2026-03,PRT057,SUP015,Space electronics,Chantilly production,69,67,10695,162,154,0,737955,On time
PO00746,2026-03,PRT058,SUP025,C4ISR systems,Fairfax HQ,56,56,3859,43,50,7,216104,Late
PO00747,2026-03,PRT058,SUP025,C4ISR systems,Fairfax HQ,87,87,3859,37,41,4,335733,Late
PO00748,2026-03,PRT059,SUP018,Space electronics,Concord development,15,12,8926,92,92,0,133890,On time
PO00749,2026-03,PRT059,SUP018,Space electronics,Concord development,1,1,8926,97,103,6,8926,Late
PO00750,2026-03,PRT059,SUP018,Space electronics,Concord development,21,18,8926,106,108,2,187446,On time
PO00751,2026-03,PRT060,SUP023,Optical sensors,Concord development,55,52,10047,77,91,14,552585,Late
PO00752,2026-03,PRT061,SUP025,C4ISR systems,Concord development,19,19,18126,143,149,6,344394,Late
PO00753,2026-03,PRT062,SUP001,Space electronics,Chantilly production,36,36,6107,61,62,1,219852,On time
PO00754,2026-03,PRT062,SUP001,Space electronics,Chantilly production,50,50,6107,52,65,13,305350,Late
PO00755,2026-03,PRT063,SUP006,Space electronics,Concord development,13,13,23628,180,200,20,307164,Late
PO00756,2026-03,PRT063,SUP006,Space electronics,Concord development,16,13,23628,188,183,0,378048,On time
PO00757,2026-03,PRT064,SUP020,C4ISR systems,Chantilly production,43,40,17032,188,197,9,732376,Late
PO00758,2026-03,PRT065,SUP012,Optical sensors,Concord development,38,36,17214,131,130,0,654132,On time
PO00759,2026-03,PRT065,SUP012,Optical sensors,Concord development,48,48,17214,130,137,7,826272,Late
PO00760,2026-03,PRT065,SUP012,Optical sensors,Concord development,46,43,17214,126,118,0,791844,On time
PO00761,2026-03,PRT066,SUP008,C4ISR systems,Fairfax HQ,13,13,2458,34,26,0,31954,On time
PO00762,2026-03,PRT066,SUP008,C4ISR systems,Fairfax HQ,1,0,2458,34,42,8,2458,Late
PO00763,2026-03,PRT067,SUP003,C4ISR systems,Fairfax HQ,54,54,4668,99,91,0,252072,On time
PO00764,2026-03,PRT067,SUP003,C4ISR systems,Fairfax HQ,60,60,4668,107,126,19,280080,Late
PO00765,2026-03,PRT067,SUP003,C4ISR systems,Fairfax HQ,51,50,4668,99,105,6,238068,Late
PO00766,2026-03,PRT068,SUP017,Space electronics,Fairfax HQ,16,14,7145,81,87,6,114320,Late
PO00767,2026-03,PRT068,SUP017,Space electronics,Fairfax HQ,6,3,7145,79,87,8,42870,Late
PO00768,2026-03,PRT069,SUP004,Space electronics,Chantilly production,25,25,3425,42,34,0,85625,On time
PO00769,2026-03,PRT069,SUP004,Space electronics,Chantilly production,46,46,3425,41,52,11,157550,Late
PO00770,2026-03,PRT070,SUP015,C4ISR systems,Chantilly production,31,31,8172,94,87,0,253332,On time
PO00771,2026-03,PRT070,SUP015,C4ISR systems,Chantilly production,34,31,8172,81,93,12,277848,Late
PO00772,2026-03,PRT071,SUP012,Space electronics,Fairfax HQ,73,73,7378,83,82,0,538594,On time
PO00773,2026-03,PRT071,SUP012,Space electronics,Fairfax HQ,63,62,7378,71,74,3,464814,On time
PO00774,2026-03,PRT072,SUP024,Space electronics,Fairfax HQ,8,6,24697,166,175,9,197576,Late
PO00775,2026-03,PRT072,SUP024,Space electronics,Fairfax HQ,11,10,24697,158,157,0,271667,On time
PO00776,2026-03,PRT072,SUP024,Space electronics,Fairfax HQ,5,4,24697,169,161,0,123485,On time
